amount,category,date,description,paymentMethod,userId
536,Transportation,2024-12-01,pccjtoi bfybsvlxsqcmjbnkgvhgo,cash,JPoiPBuSeHY7PPWoWAWs5hsxD2G3
1365,Utilities,2024-12-01,zucyiariavazqrmqmhzcfzdqzwfhv,cash,JPoiPBuSeHY7PPWoWAWs5hsxD2G3
77,Food,2024-12-01,qgjfhxai ciyhdgdaroyfdwq wloo,cash,JPoiPBuSeHY7PPWoWAWs5hsxD2G3
933,Transportation,2024-12-01,nzxzwbimjrgmkojtiugiriousbyuu,cash,JPoiPBuSeHY7PPWoWAWs5hsxD2G3
78,Other,2024-12-01,sl zk srkytjirpiykxlrqtxjd eq,cash,JPoiPBuSeHY7PPWoWAWs5hsxD2G3
1180,Other,2024-12-02,dxxrxypbzkbqmcut zfofyyoestzl,cash,JPoiPBuSeHY7PPWoWAWs5hsxD2G3
162,Other,2024-12-02,hpndulwwsiyvojyv ncsqgqbyixlg,cash,JPoiPBuSeHY7PPWoWAWs5hsxD2G3
281,Entertainment,2024-12-02,oi duqjwgeqptbsyckigvrrxyqosx,cash,JPoiPBuSeHY7PPWoWAWs5hsxD2G3
356,Food,2024-12-03,ovaijzbqqectfcqvveylzhaqocahd,cash,JPoiPBuSeHY7PPWoWAWs5hsxD2G3
160,Shopping,2024-12-03,el fsqdbkfvifywmxyqdurvtxeoxt,cash,JPoiPBuSeHY7PPWoWAWs5hsxD2G3
249,Other,2024-12-03,gweuerziwibcnykwcuctgvql  rhg,cash,JPoiPBuSeHY7PPWoWAWs5hsxD2G3
76,Transportation,2024-12-03,jmyexrgdcco bmiskfqtbvaozklti,bkash,JPoiPBuSeHY7PPWoWAWs5hsxD2G3
370,Other,2024-12-04,psok nkejuxcdalyccxahzkvzurim,cash,JPoiPBuSeHY7PPWoWAWs5hsxD2G3
1545,Food,2024-12-04,ozvnbieorhfgjasonswfospamzfqh,bkash,JPoiPBuSeHY7PPWoWAWs5hsxD2G3
1199,Healthcare,2024-12-04,prfkpheolc bqpjdfcfkendjtalge,cash,JPoiPBuSeHY7PPWoWAWs5hsxD2G3
407,Other,2024-12-05,wjhezxic lnylma za cebgwlzonw,bkash,JPoiPBuSeHY7PPWoWAWs5hsxD2G3
168,Transportation,2024-12-05,qkadlctuejobiqachaokmqdnvcxwr,cash,JPoiPBuSeHY7PPWoWAWs5hsxD2G3
753,Food,2024-12-05,obxv ecneyehx krdiklipulbr ce,bkash,JPoiPBuSeHY7PPWoWAWs5hsxD2G3
1519,Healthcare,2024-12-05,pb isp hvdr  hbxbtnntntzsmrna,cash,JPoiPBuSeHY7PPWoWAWs5hsxD2G3
1218,Education,2024-12-05,xkrqjvdlmaatemb sngwmibkxipzi,cash,JPoiPBuSeHY7PPWoWAWs5hsxD2G3
376,Food,2024-12-06,hmnoldguhpdvrerspgaacazxfnnex,cash,JPoiPBuSeHY7PPWoWAWs5hsxD2G3
23,Entertainment,2024-12-07,hwpbbqjsbaqpxazzpiuvtgkboacfq,bkash,JPoiPBuSeHY7PPWoWAWs5hsxD2G3
859,Other,2024-12-07,mrecmuztt wxq himoiradoyvecif,bkash,JPoiPBuSeHY7PPWoWAWs5hsxD2G3
160,Utilities,2024-12-07,ovxcwhvz uspozamvlpjcwpmvvyjr,bkash,JPoiPBuSeHY7PPWoWAWs5hsxD2G3
1222,Healthcare,2024-12-08,fqqtycrggawyasgcgaywmmyxvuxhd,cash,JPoiPBuSeHY7PPWoWAWs5hsxD2G3
10000,Rent,2024-12-09,sillanplfumfsrkmyiummc kqpxle,bkash,JPoiPBuSeHY7PPWoWAWs5hsxD2G3
165,Shopping,2024-12-09,jjcdguligvjkhgskvbllen kvbivx,cash,JPoiPBuSeHY7PPWoWAWs5hsxD2G3
719,Other,2024-12-09,nlyo wlddrafsckttuhsfb hggvpn,bkash,JPoiPBuSeHY7PPWoWAWs5hsxD2G3
282,Utilities,2024-12-09,mqsdmjqzpremhgxupnyxenlkuza t,bkash,JPoiPBuSeHY7PPWoWAWs5hsxD2G3
738,Entertainment,2024-12-10,qjkqicravakkfmgynrhgcckyumatp,bkash,JPoiPBuSeHY7PPWoWAWs5hsxD2G3
439,Healthcare,2024-12-10,fzfibhmhkowvsssllswwvwuymzriu,cash,JPoiPBuSeHY7PPWoWAWs5hsxD2G3
801,Other,2024-12-10,pdiyyobcyzoxojppdqmtzhzyqrcdg,bkash,JPoiPBuSeHY7PPWoWAWs5hsxD2G3
142,Healthcare,2024-12-11,o ziekg ynspimonrdh qfmfvttkw,cash,JPoiPBuSeHY7PPWoWAWs5hsxD2G3
1525,Utilities,2024-12-11,bjczyyybndbjeawihblwmkdctwjvh,bkash,JPoiPBuSeHY7PPWoWAWs5hsxD2G3
34,Shopping,2024-12-12,cpfujvjvfhrexldzwfqhynpqfrvdb,bkash,JPoiPBuSeHY7PPWoWAWs5hsxD2G3
1244,Entertainment,2024-12-12,nwizzhodgpxqcrijcfyrawtggwzvi,cash,JPoiPBuSeHY7PPWoWAWs5hsxD2G3
1742,Other,2024-12-12,ukknfhubyauqlfsscuskoseagql t,cash,JPoiPBuSeHY7PPWoWAWs5hsxD2G3
43,Food,2024-12-12,mjnqcmcdkkkdvmwqjyk qqfgyxnpt,bkash,JPoiPBuSeHY7PPWoWAWs5hsxD2G3
775,Education,2024-12-12,zi hyhodkfcy thfvilcirsml inp,cash,JPoiPBuSeHY7PPWoWAWs5hsxD2G3
275,Other,2024-12-13,j ckikt pwmirmec mebkrgrngdpf,cash,JPoiPBuSeHY7PPWoWAWs5hsxD2G3
1760,Utilities,2024-12-13,nbwqs przektlnwrze itlgifdrci,cash,JPoiPBuSeHY7PPWoWAWs5hsxD2G3
86,Other,2024-12-14,wbtuwndptiirodnzskel gytspmqx,cash,JPoiPBuSeHY7PPWoWAWs5hsxD2G3
60,Utilities,2024-12-15,jiqrklztmlmxxftce tbdybggxpzs,cash,JPoiPBuSeHY7PPWoWAWs5hsxD2G3
1726,Shopping,2024-12-15,ofplaayagiy wxhxbfqmvfhekllkr,bkash,JPoiPBuSeHY7PPWoWAWs5hsxD2G3
10,Transportation,2024-12-16,dxfhsrcjtcabxbwfjcpktscfcrats,bkash,JPoiPBuSeHY7PPWoWAWs5hsxD2G3
476,Shopping,2024-12-16,bdzfsbrvz vvteozrobikaqhkvsgh,bkash,JPoiPBuSeHY7PPWoWAWs5hsxD2G3
1959,Utilities,2024-12-16,uynpfjfnzylietuhs zn t rszxor,cash,JPoiPBuSeHY7PPWoWAWs5hsxD2G3
346,Transportation,2024-12-16,iegorcegknouzbolcdqpymbvrwmfg,bkash,JPoiPBuSeHY7PPWoWAWs5hsxD2G3
1250,Utilities,2024-12-16,x m ovmkzivfb ozjmb jayucvfu,bkash,JPoiPBuSeHY7PPWoWAWs5hsxD2G3
271,Shopping,2024-12-17,rgtryfebs mtfvrrasiswazwxknsd,bkash,JPoiPBuSeHY7PPWoWAWs5hsxD2G3
381,Education,2024-12-17,dlmceqrffpaogzgsohm jeb fvrno,bkash,JPoiPBuSeHY7PPWoWAWs5hsxD2G3
12,Transportation,2024-12-17,tceoggetkr cqjugteuczgiyenwwe,bkash,JPoiPBuSeHY7PPWoWAWs5hsxD2G3
360,Other,2024-12-17,qqbmaubyiwcwzlmypvtddgudxauwg,bkash,JPoiPBuSeHY7PPWoWAWs5hsxD2G3
285,Education,2024-12-17,raa pslkehmcqpdafkft yzdtluhy,bkash,JPoiPBuSeHY7PPWoWAWs5hsxD2G3
913,Shopping,2024-12-18,rsjnviqho sfvxxcgzubeufovumas,cash,JPoiPBuSeHY7PPWoWAWs5hsxD2G3
37,Shopping,2024-12-18,ghgt pgrshcxvxfaeokdbagkxiodx,bkash,JPoiPBuSeHY7PPWoWAWs5hsxD2G3
1113,Other,2024-12-18,xo qkxi uefgmvlvtlscj dixsvy,cash,JPoiPBuSeHY7PPWoWAWs5hsxD2G3
373,Shopping,2024-12-19,iaxdfibaooacvgvewoyyptxmkcepy,cash,JPoiPBuSeHY7PPWoWAWs5hsxD2G3
432,Shopping,2024-12-19,mglpbwfs wgeztrnmki lbuzyqfhc,cash,JPoiPBuSeHY7PPWoWAWs5hsxD2G3
82,Food,2024-12-20,ek ouqvicedzelopsvonaiisicrcl,cash,JPoiPBuSeHY7PPWoWAWs5hsxD2G3
856,Education,2024-12-21,treueeutfjupijnowhd ufnenlovn,bkash,JPoiPBuSeHY7PPWoWAWs5hsxD2G3
1683,Entertainment,2024-12-21,xwnfnaunlevrnywbjunrmauhpzjxg,cash,JPoiPBuSeHY7PPWoWAWs5hsxD2G3
283,Entertainment,2024-12-21,dnoahkatjotxfzhmghthlbnurbuhk,bkash,JPoiPBuSeHY7PPWoWAWs5hsxD2G3
61,Other,2024-12-22,q f agw alspcajtqcjer oablctj,bkash,JPoiPBuSeHY7PPWoWAWs5hsxD2G3
468,Other,2024-12-22,ntftoyyoyjjosttjdsvxsckpmfjld,cash,JPoiPBuSeHY7PPWoWAWs5hsxD2G3
266,Education,2024-12-22,fivaugot ajsnjxvsa un jbehfpq,bkash,JPoiPBuSeHY7PPWoWAWs5hsxD2G3
992,Shopping,2024-12-23,dchezwbdgwdgazptpxmmzbszxtlvt,cash,JPoiPBuSeHY7PPWoWAWs5hsxD2G3
1003,Education,2024-12-23,qulutoacnrgyo abuguqkidywpaxv,cash,JPoiPBuSeHY7PPWoWAWs5hsxD2G3
926,Utilities,2024-12-23,ayfvyywcwjodirbgrplhmmuoqqhcn,cash,JPoiPBuSeHY7PPWoWAWs5hsxD2G3
13,Other,2024-12-23,ycnn twtmz zrrieuby ltovcokqn,cash,JPoiPBuSeHY7PPWoWAWs5hsxD2G3
491,Healthcare,2024-12-23,dwmrkralludwmlvjappjriou twqj,cash,JPoiPBuSeHY7PPWoWAWs5hsxD2G3
203,Utilities,2024-12-24,jkeoiwx zslpzmvelsznnlbkqgetw,bkash,JPoiPBuSeHY7PPWoWAWs5hsxD2G3
14,Shopping,2024-12-24,stamezssdgyuf caqyqzopbxjkvne,cash,JPoiPBuSeHY7PPWoWAWs5hsxD2G3
1654,Transportation,2024-12-24,wcmtoaxdadussjwcpvewysgblzmwd,cash,JPoiPBuSeHY7PPWoWAWs5hsxD2G3
523,Healthcare,2024-12-25,abuheh rzuqqrctulbrqezynthnpw,bkash,JPoiPBuSeHY7PPWoWAWs5hsxD2G3
202,Education,2024-12-25,lhcpddicbjluwxazlkded svsnvyf,cash,JPoiPBuSeHY7PPWoWAWs5hsxD2G3
1076,Shopping,2024-12-26,aadq aqlgrvzovtwphuyypcwe beu,bkash,JPoiPBuSeHY7PPWoWAWs5hsxD2G3
154,Entertainment,2024-12-26,jpbahkswpzrtzr pfziavpvqnzffp,cash,JPoiPBuSeHY7PPWoWAWs5hsxD2G3
50,Other,2024-12-26,ufwvelqwo tgt vwltkxlmymlmkgd,cash,JPoiPBuSeHY7PPWoWAWs5hsxD2G3
374,Other,2024-12-27,lwuksagxalojomwliefyccxdfhosc,bkash,JPoiPBuSeHY7PPWoWAWs5hsxD2G3
846,Food,2024-12-27,pias kmpzkrgmtvvxnztwpnosjjm,cash,JPoiPBuSeHY7PPWoWAWs5hsxD2G3
23,Utilities,2024-12-27,xm uuobhkuogbqnxncyxvmwziiyjg,bkash,JPoiPBuSeHY7PPWoWAWs5hsxD2G3
84,Food,2024-12-28,empryovwcbdulqmoppacgsikenhsw,bkash,JPoiPBuSeHY7PPWoWAWs5hsxD2G3
330,Other,2024-12-28,xseyykzxhccludbmpqzmqszxqubne,bkash,JPoiPBuSeHY7PPWoWAWs5hsxD2G3
1002,Food,2024-12-28,altdlfltbunc westfrztsjkuypeo,bkash,JPoiPBuSeHY7PPWoWAWs5hsxD2G3
1657,Education,2024-12-29,fnjegnxietiejfnag qzptzgaj rj,bkash,JPoiPBuSeHY7PPWoWAWs5hsxD2G3
49,Food,2024-12-30,cluumbbmbtrsrfnfv zvfimaveygn,bkash,JPoiPBuSeHY7PPWoWAWs5hsxD2G3
332,Food,2024-12-30,qviuuhhooafdu qziq hqjwoayvji,bkash,JPoiPBuSeHY7PPWoWAWs5hsxD2G3
106,Utilities,2024-12-30,ypxoukrdipbyirlayqyxrdghwhxdv,bkash,JPoiPBuSeHY7PPWoWAWs5hsxD2G3
62,Shopping,2024-12-31,lbjdjtlamtlrvqialgevqnhyskxbp,bkash,JPoiPBuSeHY7PPWoWAWs5hsxD2G3
572,Shopping,2024-12-31,fsgcywsxeogsw blpjlzaifhciejv,bkash,JPoiPBuSeHY7PPWoWAWs5hsxD2G3
80,Food,2024-12-31,okdabsa gvlgiqvdtipipylgysyew,bkash,JPoiPBuSeHY7PPWoWAWs5hsxD2G3
1038,Other,2024-12-31,uxlsddrekgyuadwn uci thbvxrrv,bkash,JPoiPBuSeHY7PPWoWAWs5hsxD2G3
1954,Transportation,2024-12-31,alclsedgl egtibdunbazmebklccl,bkash,JPoiPBuSeHY7PPWoWAWs5hsxD2G3
11,Shopping,2024-11-01,qvbcpmkdplfoeipkwduczoqebtbsx,cash,JPoiPBuSeHY7PPWoWAWs5hsxD2G3
238,Transportation,2024-11-01,zeiiqvthpefptv fdjavxujoigcsj,cash,JPoiPBuSeHY7PPWoWAWs5hsxD2G3
36,Entertainment,2024-11-01,ulxngvkkkihezqfxtjucevijhzxrq,cash,JPoiPBuSeHY7PPWoWAWs5hsxD2G3
135,Utilities,2024-11-01,ookiwlmdqsuwlbeentrvthdavudzc,bkash,JPoiPBuSeHY7PPWoWAWs5hsxD2G3
192,Education,2024-11-01,yyeomovemmwvwwparqbsecqsctjuf,cash,JPoiPBuSeHY7PPWoWAWs5hsxD2G3
575,Transportation,2024-11-02,yfrravsalncoizjdawjwaqauwggkr,cash,JPoiPBuSeHY7PPWoWAWs5hsxD2G3
741,Shopping,2024-11-03,urqluxrmqwganjotjmugoiecxctno,cash,JPoiPBuSeHY7PPWoWAWs5hsxD2G3
841,Utilities,2024-11-03,bzejyudlafwncvzjtmkfpkifnsifa,bkash,JPoiPBuSeHY7PPWoWAWs5hsxD2G3
13,Healthcare,2024-11-03,zaliukxnpevsgjbjnnqeskqwnzmvg,cash,JPoiPBuSeHY7PPWoWAWs5hsxD2G3
1297,Education,2024-11-03,b iarxp csyjicwwryokliccjvfo,bkash,JPoiPBuSeHY7PPWoWAWs5hsxD2G3
1430,Shopping,2024-11-03,plqgyvhnbowihgvyxmpgxnxsybeqy,bkash,JPoiPBuSeHY7PPWoWAWs5hsxD2G3
1205,Shopping,2024-11-04,ykutfnpfahisyoran cndfrldmxhi,bkash,JPoiPBuSeHY7PPWoWAWs5hsxD2G3
1232,Healthcare,2024-11-05,zcy nitgacylwwrjmbowamwmsg nn,cash,JPoiPBuSeHY7PPWoWAWs5hsxD2G3
40,Healthcare,2024-11-05,uqcukiizhjavmimsbhzchmruygnnv,bkash,JPoiPBuSeHY7PPWoWAWs5hsxD2G3
1603,Education,2024-11-05,vpibhozidbsotpexjlwotfqidvxyt,cash,JPoiPBuSeHY7PPWoWAWs5hsxD2G3
10000,Rent,2024-11-06,ablvkaoejwp yviimvpxof xjpnbe,cash,JPoiPBuSeHY7PPWoWAWs5hsxD2G3
1151,Transportation,2024-11-06,jrhdxpirksvusdvicheagmbldvfsb,cash,JPoiPBuSeHY7PPWoWAWs5hsxD2G3
12,Food,2024-11-06,kgjpnwmeyiysobnptxsyoguhjyhlg,bkash,JPoiPBuSeHY7PPWoWAWs5hsxD2G3
1360,Transportation,2024-11-07,cozxesgvvujcbgtfnvlbiacvzqdiz,bkash,JPoiPBuSeHY7PPWoWAWs5hsxD2G3
550,Healthcare,2024-11-07,aqjfjeudoxxpxygvhbxnmpyisoltu,bkash,JPoiPBuSeHY7PPWoWAWs5hsxD2G3
15,Entertainment,2024-11-07,rxbqbajfkddwctzc otftaxejhukr,bkash,JPoiPBuSeHY7PPWoWAWs5hsxD2G3
1497,Entertainment,2024-11-07,zdrwpwf octqiorxmtvhnlqnuf qe,cash,JPoiPBuSeHY7PPWoWAWs5hsxD2G3
789,Shopping,2024-11-08,kkwirjaxidoyya hcpw j vq niqq,cash,JPoiPBuSeHY7PPWoWAWs5hsxD2G3
521,Shopping,2024-11-09,tpbwmsmkkzedfitomztimgfpnepro,cash,JPoiPBuSeHY7PPWoWAWs5hsxD2G3
1099,Shopping,2024-11-10,uqcfkgpmzo mzudgpzeypyzzfljxf,bkash,JPoiPBuSeHY7PPWoWAWs5hsxD2G3
1107,Transportation,2024-11-10,jwdwvilqucenrlmgztwafeoqzhglc,cash,JPoiPBuSeHY7PPWoWAWs5hsxD2G3
660,Other,2024-11-10,ft qomhnadfrhpamnsfp x bkohda,bkash,JPoiPBuSeHY7PPWoWAWs5hsxD2G3
194,Utilities,2024-11-11,ekdzy pbwmtxhbplpnzpdbacmupky,bkash,JPoiPBuSeHY7PPWoWAWs5hsxD2G3
384,Healthcare,2024-11-11,omxhfhflevauvjeyxhnjgtaqxzzyz,bkash,JPoiPBuSeHY7PPWoWAWs5hsxD2G3
483,Other,2024-11-11,io talbsmhbvjgdkfwnupmktefufn,bkash,JPoiPBuSeHY7PPWoWAWs5hsxD2G3
109,Healthcare,2024-11-12,u kgttowbjrgpkialykcyxootnxuz,bkash,JPoiPBuSeHY7PPWoWAWs5hsxD2G3
528,Other,2024-11-12,gqjswpsrqsppguuahrgfptidrqigc,bkash,JPoiPBuSeHY7PPWoWAWs5hsxD2G3
714,Shopping,2024-11-12,lqdcmlteevasxuxdvqddnticxpars,bkash,JPoiPBuSeHY7PPWoWAWs5hsxD2G3
265,Entertainment,2024-11-12,dikaqnxyvuptumpydsmietsyutxov,cash,JPoiPBuSeHY7PPWoWAWs5hsxD2G3
1015,Education,2024-11-12,tvfqzsfuujoyuqviurzapaosrkzak,cash,JPoiPBuSeHY7PPWoWAWs5hsxD2G3
1323,Entertainment,2024-11-13,acmdvxddnyugijzoqpejcxezp eip,cash,JPoiPBuSeHY7PPWoWAWs5hsxD2G3
187,Shopping,2024-11-13,eyqjfvsiffhcghqdbonvfaprhoude,cash,JPoiPBuSeHY7PPWoWAWs5hsxD2G3
499,Other,2024-11-14,bbmkyx mkujktkhijtwumswcgkron,cash,JPoiPBuSeHY7PPWoWAWs5hsxD2G3
680,Other,2024-11-14,axtuudndtjilweimzrezldyxl poh,bkash,JPoiPBuSeHY7PPWoWAWs5hsxD2G3
493,Entertainment,2024-11-15,zlhabtlskivgjpdyadnozgozvksco,cash,JPoiPBuSeHY7PPWoWAWs5hsxD2G3
221,Transportation,2024-11-15,ul mnxyevjzctcszdtmelyhtotbnd,cash,JPoiPBuSeHY7PPWoWAWs5hsxD2G3
1028,Entertainment,2024-11-15,nzwavwaabcysbq iq oyhbvtzfnaj,bkash,JPoiPBuSeHY7PPWoWAWs5hsxD2G3
15,Transportation,2024-11-15,nssgbsocmfrlhfketgcqlmquxuren,bkash,JPoiPBuSeHY7PPWoWAWs5hsxD2G3
23,Utilities,2024-11-16,yooexzmaxewpohwoxi pnciujspyj,cash,JPoiPBuSeHY7PPWoWAWs5hsxD2G3
1479,Utilities,2024-11-16,eevul rlzteqcppvqrwvaiinqmhr,cash,JPoiPBuSeHY7PPWoWAWs5hsxD2G3
27,Healthcare,2024-11-16,owegqxcczglw vminnkflqfueuvzi,bkash,JPoiPBuSeHY7PPWoWAWs5hsxD2G3
1938,Healthcare,2024-11-16,rzbydvlxypjxoilzjenyqiuomuqya,cash,JPoiPBuSeHY7PPWoWAWs5hsxD2G3
78,Food,2024-11-17,qwiozzpoqzgzrbaktjhsjfoqmplcc,bkash,JPoiPBuSeHY7PPWoWAWs5hsxD2G3
1951,Entertainment,2024-11-17,ody gxcrwtbilglpekmc efmsyxak,bkash,JPoiPBuSeHY7PPWoWAWs5hsxD2G3
602,Utilities,2024-11-17,xwypzqmj vsuasoysonmmwarr ngz,cash,JPoiPBuSeHY7PPWoWAWs5hsxD2G3
51,Education,2024-11-17,ophxrhsiwgylceupqnuhopofchmro,bkash,JPoiPBuSeHY7PPWoWAWs5hsxD2G3
462,Other,2024-11-17,oi umbmmwdgwzogymjuaemkwhyuqh,cash,JPoiPBuSeHY7PPWoWAWs5hsxD2G3
521,Entertainment,2024-11-18,oukgi dxipcwvmnbyegldegosbmqb,cash,JPoiPBuSeHY7PPWoWAWs5hsxD2G3
777,Shopping,2024-11-18,a bmkytkeur  cqpbwkayoawayfw,cash,JPoiPBuSeHY7PPWoWAWs5hsxD2G3
30,Other,2024-11-18,homijoeitc qzdfnrekmcmchimgcx,bkash,JPoiPBuSeHY7PPWoWAWs5hsxD2G3
136,Healthcare,2024-11-18,kztdxbohsp fgfgysxmkheiuqpwii,cash,JPoiPBuSeHY7PPWoWAWs5hsxD2G3
55,Healthcare,2024-11-18,ekadcacvqfqogpywmx vihkbvmukc,cash,JPoiPBuSeHY7PPWoWAWs5hsxD2G3
684,Transportation,2024-11-19,hfidjbclslljbwinhwrktzminlifs,bkash,JPoiPBuSeHY7PPWoWAWs5hsxD2G3
15,Food,2024-11-19,eproyoipriyevkrtmqhtlxfapwz l,cash,JPoiPBuSeHY7PPWoWAWs5hsxD2G3
362,Food,2024-11-19,quczxordpnjgr olbjntdfvnllnib,bkash,JPoiPBuSeHY7PPWoWAWs5hsxD2G3
210,Transportation,2024-11-19,itmbawwvfinzoinnfpqxvxvfv udd,bkash,JPoiPBuSeHY7PPWoWAWs5hsxD2G3
594,Healthcare,2024-11-20,biuiuqeefqwwkxsiru hfizwyglkl,bkash,JPoiPBuSeHY7PPWoWAWs5hsxD2G3
38,Education,2024-11-20,kd llabyorunsktfncruvdyszskxt,bkash,JPoiPBuSeHY7PPWoWAWs5hsxD2G3
1293,Shopping,2024-11-20,mdjtmdknyetz t vojjkureaywesu,bkash,JPoiPBuSeHY7PPWoWAWs5hsxD2G3
19,Other,2024-11-20,nrrodftxgbokff lathxaiurzabay,cash,JPoiPBuSeHY7PPWoWAWs5hsxD2G3
390,Other,2024-11-20,oewdtynffpjhhtgzinpdruqawsnaf,bkash,JPoiPBuSeHY7PPWoWAWs5hsxD2G3
634,Shopping,2024-11-21,rmgmcevknkghodftcsyrihwssaazy,cash,JPoiPBuSeHY7PPWoWAWs5hsxD2G3
394,Utilities,2024-11-21,dhejbr xpdw pdojvahkqvpbswizt,bkash,JPoiPBuSeHY7PPWoWAWs5hsxD2G3
610,Food,2024-11-21,qmnrxjwphrveiupoqbuhob tzqhez,cash,JPoiPBuSeHY7PPWoWAWs5hsxD2G3
111,Food,2024-11-21,sxhaxzcosfwayoi lvwtkfbyzm du,bkash,JPoiPBuSeHY7PPWoWAWs5hsxD2G3
1020,Utilities,2024-11-21,ogusb tdtu osonwrvb rivhyzkk,cash,JPoiPBuSeHY7PPWoWAWs5hsxD2G3
61,Food,2024-11-22,ydfgfaohbjiwoukscrdxbvylarx l,cash,JPoiPBuSeHY7PPWoWAWs5hsxD2G3
1084,Food,2024-11-22,nctvodtuhfbjvudvi  uiducbah,bkash,JPoiPBuSeHY7PPWoWAWs5hsxD2G3
335,Education,2024-11-23,t dmgyokfdzifusbzaeswimgsaxyy,cash,JPoiPBuSeHY7PPWoWAWs5hsxD2G3
12,Utilities,2024-11-24,hfqdypblctsavdjakczskfcighrxg,bkash,JPoiPBuSeHY7PPWoWAWs5hsxD2G3
1154,Education,2024-11-24,vkqwlqcelz oqdl hjuyrjssukqei,cash,JPoiPBuSeHY7PPWoWAWs5hsxD2G3
322,Food,2024-11-24,knfydfkykzofsvombeuigxkxrsvpg,cash,JPoiPBuSeHY7PPWoWAWs5hsxD2G3
793,Entertainment,2024-11-25,phwxgymnnsdemuaaiyjdmdldzfufd,bkash,JPoiPBuSeHY7PPWoWAWs5hsxD2G3
1016,Utilities,2024-11-25,cmmbdb shrlflgbugs  iupitghrq,cash,JPoiPBuSeHY7PPWoWAWs5hsxD2G3
1341,Food,2024-11-25,zkdwyibyaomgjfoqbmpicmnurbmcb,bkash,JPoiPBuSeHY7PPWoWAWs5hsxD2G3
842,Healthcare,2024-11-25,phzpiisiqlrwuz al gnpqiydaaa,cash,JPoiPBuSeHY7PPWoWAWs5hsxD2G3
193,Food,2024-11-25,mqvnbkfhkandyogqlnqmrdj mdvqr,cash,JPoiPBuSeHY7PPWoWAWs5hsxD2G3
43,Entertainment,2024-11-26,diavsksogiargubsecgmjawdoouez,bkash,JPoiPBuSeHY7PPWoWAWs5hsxD2G3
992,Transportation,2024-11-26,wyrmbafbyo wxovdwccksetfcw tp,cash,JPoiPBuSeHY7PPWoWAWs5hsxD2G3
85,Shopping,2024-11-26,zdxskpbjvqfoyyvcfojgj wkrydux,bkash,JPoiPBuSeHY7PPWoWAWs5hsxD2G3
676,Utilities,2024-11-27,yyjf kssmipveobqnlbhcuosddszc,bkash,JPoiPBuSeHY7PPWoWAWs5hsxD2G3
753,Healthcare,2024-11-27,rfzqmhixaeqblkiylinlc ezvxobe,cash,JPoiPBuSeHY7PPWoWAWs5hsxD2G3
25,Entertainment,2024-11-27,sqbevyyegilaxupsdagbkgmybpsrl,bkash,JPoiPBuSeHY7PPWoWAWs5hsxD2G3
1544,Healthcare,2024-11-28,blqqfsdnkqbrmcrmqoq iosipcdfg,bkash,JPoiPBuSeHY7PPWoWAWs5hsxD2G3
205,Utilities,2024-11-28,vdqkyleehxsjxonldanlhvjxscjqw,bkash,JPoiPBuSeHY7PPWoWAWs5hsxD2G3
709,Education,2024-11-28,rzdyrtztzdggdkeoiobw tgfpxiwo,cash,JPoiPBuSeHY7PPWoWAWs5hsxD2G3
41,Entertainment,2024-11-29,qmuxztlzqrkah hgieelfwzftmkhb,bkash,JPoiPBuSeHY7PPWoWAWs5hsxD2G3
18,Education,2024-11-29,ugxxqkbrxkmj yrjdkigljvneongd,bkash,JPoiPBuSeHY7PPWoWAWs5hsxD2G3
683,Shopping,2024-11-29,k dducasbt pcuosnmacnxxwjxpav,bkash,JPoiPBuSeHY7PPWoWAWs5hsxD2G3
11,Education,2024-11-29,crtqdxqhkglynpjtevzhwcdwblgxl,cash,JPoiPBuSeHY7PPWoWAWs5hsxD2G3
819,Shopping,2024-11-29,vdhph owp  nxodyxqpnfpituupzh,cash,JPoiPBuSeHY7PPWoWAWs5hsxD2G3
24,Entertainment,2024-11-30,rrprkx ceqelwbasztusgbrvqbauo,bkash,JPoiPBuSeHY7PPWoWAWs5hsxD2G3
231,Entertainment,2024-11-30,qafcpybrs tpqfffvycyyngirxy v,cash,JPoiPBuSeHY7PPWoWAWs5hsxD2G3
1773,Transportation,2024-11-30,jhwhskcpxwnqyhhnjnwoyengjh z,bkash,JPoiPBuSeHY7PPWoWAWs5hsxD2G3
577,Healthcare,2024-11-30,gugh swnwnxxrkbkfiboyxnfkyuwo,bkash,JPoiPBuSeHY7PPWoWAWs5hsxD2G3
65,Transportation,2024-10-01,v euqefzqjbkdyheoldjiexcoiygz,cash,JPoiPBuSeHY7PPWoWAWs5hsxD2G3
448,Healthcare,2024-10-01,p muatlezagxtqoauobexghfffcjd,cash,JPoiPBuSeHY7PPWoWAWs5hsxD2G3
45,Healthcare,2024-10-01,lrjskfwylzcrgutwxruasutuzumpt,cash,JPoiPBuSeHY7PPWoWAWs5hsxD2G3
235,Shopping,2024-10-02,ixtxqiqeitalyhjkcbg jn dfka v,cash,JPoiPBuSeHY7PPWoWAWs5hsxD2G3
320,Healthcare,2024-10-02,tsrgbwbevrsuchupjdsetscazcbuo,bkash,JPoiPBuSeHY7PPWoWAWs5hsxD2G3
1709,Other,2024-10-03,lcpcnqfgnappmfqcymuobnhobatvs,bkash,JPoiPBuSeHY7PPWoWAWs5hsxD2G3
13,Education,2024-10-03,xiednftohokqrhmkpfflwwfqkaxxr,bkash,JPoiPBuSeHY7PPWoWAWs5hsxD2G3
524,Education,2024-10-04,abblbtkwjsbtr umlbisqhzmvswlt,bkash,JPoiPBuSeHY7PPWoWAWs5hsxD2G3
80,Food,2024-10-04,ecesxikrmendzy romjsiaqeg prs,bkash,JPoiPBuSeHY7PPWoWAWs5hsxD2G3
1292,Healthcare,2024-10-05,fguz fmkkay kviopvtnfnaxyzhph,cash,JPoiPBuSeHY7PPWoWAWs5hsxD2G3
40,Healthcare,2024-10-05,edwrgzronvrdugkp cjsxynsprjvp,cash,JPoiPBuSeHY7PPWoWAWs5hsxD2G3
152,Utilities,2024-10-05,xaonlxbogfgs rilxliidob zowos,cash,JPoiPBuSeHY7PPWoWAWs5hsxD2G3
281,Shopping,2024-10-05,osa uuhryumvbjlsdwkigdhvjfyoh,bkash,JPoiPBuSeHY7PPWoWAWs5hsxD2G3
723,Utilities,2024-10-05,tpkravkzr ocrtaf cmvctuzmbzqw,bkash,JPoiPBuSeHY7PPWoWAWs5hsxD2G3
329,Education,2024-10-06,heutchqjyyjfjt pwzqrjgkccotk,cash,JPoiPBuSeHY7PPWoWAWs5hsxD2G3
459,Education,2024-10-06,ikvsqtqalbhxupckyqyjvuecphkky,bkash,JPoiPBuSeHY7PPWoWAWs5hsxD2G3
12,Food,2024-10-06,owqwldhlnsayhmhwmzykplc uuqyj,bkash,JPoiPBuSeHY7PPWoWAWs5hsxD2G3
413,Entertainment,2024-10-06,ftprertmhywpsyetlzwcyoen tce,bkash,JPoiPBuSeHY7PPWoWAWs5hsxD2G3
1964,Other,2024-10-06,wkzomocnpgoskeqmtcjc uq cmivj,cash,JPoiPBuSeHY7PPWoWAWs5hsxD2G3
1699,Transportation,2024-10-07,weyficjzoceqbyxqbytaespquibzr,cash,JPoiPBuSeHY7PPWoWAWs5hsxD2G3
1243,Transportation,2024-10-07,uqgkbhmwjiawgcdynavlmhjfqssob,bkash,JPoiPBuSeHY7PPWoWAWs5hsxD2G3
506,Entertainment,2024-10-08,iksimmmoegetmedudfgjolqcpqdph,cash,JPoiPBuSeHY7PPWoWAWs5hsxD2G3
1751,Education,2024-10-08,xtcyqsonltgefaaqhtykuxsmcyyeq,bkash,JPoiPBuSeHY7PPWoWAWs5hsxD2G3
10000,Rent,2024-10-09,twbgvksxzokmmhzsuzodddpih fci,bkash,JPoiPBuSeHY7PPWoWAWs5hsxD2G3
461,Other,2024-10-09,wfioa dqdkwsdhrwgwfr copjeopm,bkash,JPoiPBuSeHY7PPWoWAWs5hsxD2G3
1876,Utilities,2024-10-10,pecmjqjgfbpysodqspa  tdfgfvuc,bkash,JPoiPBuSeHY7PPWoWAWs5hsxD2G3
513,Other,2024-10-11,porcfwaipgewgidwuivrwnigkndmx,cash,JPoiPBuSeHY7PPWoWAWs5hsxD2G3
559,Education,2024-10-11,ls awvaavpnjnhgonsgwvtmvivnps,cash,JPoiPBuSeHY7PPWoWAWs5hsxD2G3
22,Shopping,2024-10-11,dunpniasytdqarphgmxejpujgmsds,cash,JPoiPBuSeHY7PPWoWAWs5hsxD2G3
219,Entertainment,2024-10-12,enyhvtmtxyrfhe putovyrkcwwwpi,bkash,JPoiPBuSeHY7PPWoWAWs5hsxD2G3
552,Food,2024-10-12,tvewexpcawtwmgqtmwqhrmmjfqsuq,cash,JPoiPBuSeHY7PPWoWAWs5hsxD2G3
756,Shopping,2024-10-12,lokwlrwd hgohqfs cksdidjoihkj,cash,JPoiPBuSeHY7PPWoWAWs5hsxD2G3
413,Other,2024-10-12,swmkprod mxxxaoreaugerrbbn ms,bkash,JPoiPBuSeHY7PPWoWAWs5hsxD2G3
200,Entertainment,2024-10-13,ivfchrvnxoxux zscadvtmtupoejw,cash,JPoiPBuSeHY7PPWoWAWs5hsxD2G3
277,Entertainment,2024-10-13,nespgpxbiphpawerbgaaxfrcamrjy,cash,JPoiPBuSeHY7PPWoWAWs5hsxD2G3
146,Shopping,2024-10-14,kqwfljjnlrvufszodlpmtvzweyncr,cash,JPoiPBuSeHY7PPWoWAWs5hsxD2G3
996,Other,2024-10-14,pqrkrrokpkkmekjsdzsveetoiyayi,cash,JPoiPBuSeHY7PPWoWAWs5hsxD2G3
117,Education,2024-10-14,sghfueowuasoqsbupxrdul kcjqau,cash,JPoiPBuSeHY7PPWoWAWs5hsxD2G3
1945,Food,2024-10-14,th pbjlr hgr nbdnmkvvnzvzkwyg,bkash,JPoiPBuSeHY7PPWoWAWs5hsxD2G3
38,Transportation,2024-10-15,cxrwzfgucbllzuvstthzexvw pncn,cash,JPoiPBuSeHY7PPWoWAWs5hsxD2G3
1899,Shopping,2024-10-15,yantjmadq piygcapvwpkpagflyzz,cash,JPoiPBuSeHY7PPWoWAWs5hsxD2G3
693,Education,2024-10-15,dahokbwn xjifun sfvtyeshqgdrz,cash,JPoiPBuSeHY7PPWoWAWs5hsxD2G3
1665,Education,2024-10-15,hvcbd xivpzsdqxskrp uohotckxh,bkash,JPoiPBuSeHY7PPWoWAWs5hsxD2G3
879,Entertainment,2024-10-16,jitvhzhxemrvdfiagae ryquemnmo,cash,JPoiPBuSeHY7PPWoWAWs5hsxD2G3
425,Transportation,2024-10-16,pjeuocbcf  ebmzgzbohapnrdpmo,cash,JPoiPBuSeHY7PPWoWAWs5hsxD2G3
396,Utilities,2024-10-16,ijynqfbguldl kcvllnfnxyuhhlf,bkash,JPoiPBuSeHY7PPWoWAWs5hsxD2G3
36,Transportation,2024-10-17,ngk lsiluljzwczyocyhyudlokyju,cash,JPoiPBuSeHY7PPWoWAWs5hsxD2G3
383,Education,2024-10-17,ogl indujxynxrdlsdumhchkgmzdf,bkash,JPoiPBuSeHY7PPWoWAWs5hsxD2G3
112,Food,2024-10-17,gbkotddmmzgdlil dwtvqioqphooj,bkash,JPoiPBuSeHY7PPWoWAWs5hsxD2G3
704,Other,2024-10-17,czrzhzeqzbfhjqfezmhugrybfhbna,bkash,JPoiPBuSeHY7PPWoWAWs5hsxD2G3
1616,Shopping,2024-10-17,uk hazyrwmwisuelapoxuvjhwtrte,bkash,JPoiPBuSeHY7PPWoWAWs5hsxD2G3
1183,Food,2024-10-18,izsto xpgiydansywkag bcpfhjkf,bkash,JPoiPBuSeHY7PPWoWAWs5hsxD2G3
11,Education,2024-10-18,cdnod llncauhxjjmnaylejwrsigx,bkash,JPoiPBuSeHY7PPWoWAWs5hsxD2G3
952,Healthcare,2024-10-18,svwfrgljvlrhskelafgiufynvqmxf,bkash,JPoiPBuSeHY7PPWoWAWs5hsxD2G3
1247,Education,2024-10-19,u tovcarjqgoqqadnneqnmasfzzxh,cash,JPoiPBuSeHY7PPWoWAWs5hsxD2G3
23,Healthcare,2024-10-19,syqxokrslhwawsbaalhcwcjfewdfo,bkash,JPoiPBuSeHY7PPWoWAWs5hsxD2G3
25,Entertainment,2024-10-20,gkwhddmfimzs jpyvmzcplmiq kqf,cash,JPoiPBuSeHY7PPWoWAWs5hsxD2G3
407,Other,2024-10-20,gvrpqeweayynhbatvdikwgatybhmk,bkash,JPoiPBuSeHY7PPWoWAWs5hsxD2G3
516,Food,2024-10-21,zzpxnxfmcdptuuhnpdsosfgya upp,cash,JPoiPBuSeHY7PPWoWAWs5hsxD2G3
1422,Education,2024-10-21,iqoes plf stubyltquijbscrgnmy,bkash,JPoiPBuSeHY7PPWoWAWs5hsxD2G3
908,Utilities,2024-10-21,huhdjumquf iockdut knpvxmhbmu,bkash,JPoiPBuSeHY7PPWoWAWs5hsxD2G3
1628,Shopping,2024-10-21,mdm fdlkopstrhkwcobi gvvcqugx,cash,JPoiPBuSeHY7PPWoWAWs5hsxD2G3
128,Shopping,2024-10-22,gwftjlkldzxiecsuuurzxewioqsvl,bkash,JPoiPBuSeHY7PPWoWAWs5hsxD2G3
147,Entertainment,2024-10-22,ogswdcafxkmrsfubqxfjjvuegwour,cash,JPoiPBuSeHY7PPWoWAWs5hsxD2G3
619,Shopping,2024-10-23,hzxpgdosxpwlxyexkapgndiqhhvcb,cash,JPoiPBuSeHY7PPWoWAWs5hsxD2G3
176,Utilities,2024-10-23,mqhviriggqamuugvnqvhmbrpddtyb,cash,JPoiPBuSeHY7PPWoWAWs5hsxD2G3
819,Transportation,2024-10-23,rzo lkhxdirvedlajjyvrsbburlmj,cash,JPoiPBuSeHY7PPWoWAWs5hsxD2G3
453,Transportation,2024-10-23,vwzrsjiruzthlxgzigxffchoqxxpm,cash,JPoiPBuSeHY7PPWoWAWs5hsxD2G3
220,Healthcare,2024-10-24,jfm wsalwojdutdq e lhsgnsmnil,bkash,JPoiPBuSeHY7PPWoWAWs5hsxD2G3
523,Transportation,2024-10-24,ewltbgibo hr jgbngrnhydcmbmnc,cash,JPoiPBuSeHY7PPWoWAWs5hsxD2G3
1925,Shopping,2024-10-25,bgwjcyycu royibblfklwiyzoayqv,bkash,JPoiPBuSeHY7PPWoWAWs5hsxD2G3
321,Healthcare,2024-10-25,usbgny f wmwuiwruf  fskmqhose,cash,JPoiPBuSeHY7PPWoWAWs5hsxD2G3
371,Shopping,2024-10-26,qrympwkrobfeczbjihgwnttlhyexd,bkash,JPoiPBuSeHY7PPWoWAWs5hsxD2G3
470,Utilities,2024-10-26,fvwwixqjdrrdafuujealyaywelz u,bkash,JPoiPBuSeHY7PPWoWAWs5hsxD2G3
28,Utilities,2024-10-26,tsolhtmxwatawnsjktznmdktupeiq,bkash,JPoiPBuSeHY7PPWoWAWs5hsxD2G3
1039,Entertainment,2024-10-26,xy  rkebmwczysxvzmbejgsqjxvhk,cash,JPoiPBuSeHY7PPWoWAWs5hsxD2G3
33,Healthcare,2024-10-27,ibtxesfryg uiuixlpkteiqvudved,bkash,JPoiPBuSeHY7PPWoWAWs5hsxD2G3
1012,Healthcare,2024-10-27,ei avsztwlrhrkoeggueldres vll,bkash,JPoiPBuSeHY7PPWoWAWs5hsxD2G3
170,Other,2024-10-27,kxzh ol quvhhllescgoqzjwzlckb,cash,JPoiPBuSeHY7PPWoWAWs5hsxD2G3
222,Entertainment,2024-10-28,gznlgzoskhokwmy fupyvxxhwcp f,bkash,JPoiPBuSeHY7PPWoWAWs5hsxD2G3
1403,Entertainment,2024-10-28,dlhopuenjv aifugpnnwwbviewjvf,bkash,JPoiPBuSeHY7PPWoWAWs5hsxD2G3
1796,Education,2024-10-29,qixztew libratdeyjlfwnlfjlbt,bkash,JPoiPBuSeHY7PPWoWAWs5hsxD2G3
1144,Healthcare,2024-10-29,wngiknessfa ncipcekpsouucjoac,bkash,JPoiPBuSeHY7PPWoWAWs5hsxD2G3
74,Education,2024-10-29,btrthbhmcri higbgfmysysz utxu,bkash,JPoiPBuSeHY7PPWoWAWs5hsxD2G3
1870,Utilities,2024-10-30,lsnjurrkgqwo jnmvpabrdjgdinsd,bkash,JPoiPBuSeHY7PPWoWAWs5hsxD2G3
352,Shopping,2024-10-30,awdvzmoeqdarcrkfczxwejogr h d,bkash,JPoiPBuSeHY7PPWoWAWs5hsxD2G3
20,Healthcare,2024-10-30,hvcamoaakzalchgxrhaczridr bmx,cash,JPoiPBuSeHY7PPWoWAWs5hsxD2G3
1534,Shopping,2024-10-31,khbuulxttejuindychjexvvjulkub,cash,JPoiPBuSeHY7PPWoWAWs5hsxD2G3
256,Transportation,2024-10-31,cu cydehuochxxvzndytukqz wclk,cash,JPoiPBuSeHY7PPWoWAWs5hsxD2G3
1301,Food,2024-10-31,ufssis  lvjzswvjjldymesuzytir,cash,JPoiPBuSeHY7PPWoWAWs5hsxD2G3
1107,Entertainment,2024-09-01,tgvqrauecdjsfffcmugvfclsgrqmy,cash,JPoiPBuSeHY7PPWoWAWs5hsxD2G3
51,Entertainment,2024-09-01,jaklayeqvjgxkwvdgpwzmzipzpkyx,bkash,JPoiPBuSeHY7PPWoWAWs5hsxD2G3
285,Entertainment,2024-09-01,qnkiuahcoxk lwrbf fopfknw anj,cash,JPoiPBuSeHY7PPWoWAWs5hsxD2G3
343,Entertainment,2024-09-01,iqleoviyqortmureldtbwqszbuqzp,bkash,JPoiPBuSeHY7PPWoWAWs5hsxD2G3
57,Education,2024-09-02,jzuzentnylflobscttutydtcgjwy,cash,JPoiPBuSeHY7PPWoWAWs5hsxD2G3
77,Transportation,2024-09-02,nqrt meijtbd vsoyqontoklcdoyg,bkash,JPoiPBuSeHY7PPWoWAWs5hsxD2G3
381,Shopping,2024-09-02,hfozfwfnsxefsy zrwbxzpzdnoclj,bkash,JPoiPBuSeHY7PPWoWAWs5hsxD2G3
211,Transportation,2024-09-02,twvpddxdsupwbmqdpaebmfmhcgmtt,bkash,JPoiPBuSeHY7PPWoWAWs5hsxD2G3
603,Food,2024-09-02,wvctwyogagut yfpxhgjrdgem axk,cash,JPoiPBuSeHY7PPWoWAWs5hsxD2G3
701,Utilities,2024-09-03,ztsaffnunck ctnbsvqgmsfdmnjai,cash,JPoiPBuSeHY7PPWoWAWs5hsxD2G3
783,Healthcare,2024-09-04,gcjsfzvnmhcxwqsexjnlvhypzsvac,cash,JPoiPBuSeHY7PPWoWAWs5hsxD2G3
117,Other,2024-09-04,ocdnitghhjtxhqrmajivhkdvkbylk,cash,JPoiPBuSeHY7PPWoWAWs5hsxD2G3
206,Shopping,2024-09-04,utdmooxpcqeciygjbelgyambhbksq,cash,JPoiPBuSeHY7PPWoWAWs5hsxD2G3
247,Healthcare,2024-09-04,zsvbigkdqqxy vgbmvhzbunttfhze,cash,JPoiPBuSeHY7PPWoWAWs5hsxD2G3
234,Transportation,2024-09-04,oqogsrbcf jlkhvutafbfvsatfmuu,bkash,JPoiPBuSeHY7PPWoWAWs5hsxD2G3
10000,Rent,2024-09-05,rgooavzmled vyqyudev ioumvhwh,cash,JPoiPBuSeHY7PPWoWAWs5hsxD2G3
69,Shopping,2024-09-05,yrivrryrsounpokxrkgovhcdejsda,cash,JPoiPBuSeHY7PPWoWAWs5hsxD2G3
39,Education,2024-09-06,agthlicnknl jcvwxoyswiahg we,cash,JPoiPBuSeHY7PPWoWAWs5hsxD2G3
887,Utilities,2024-09-06,ratsheszboy mrivzko lmjlfawzu,cash,JPoiPBuSeHY7PPWoWAWs5hsxD2G3
73,Utilities,2024-09-06,xkmapycviolhpmagapuegydvkfa j,bkash,JPoiPBuSeHY7PPWoWAWs5hsxD2G3
876,Food,2024-09-07,rfpenevwjjigsieokdtrixvjchqvq,bkash,JPoiPBuSeHY7PPWoWAWs5hsxD2G3
285,Food,2024-09-08,mygxqxbxzfdblachmyg ndwi sgjz,bkash,JPoiPBuSeHY7PPWoWAWs5hsxD2G3
495,Utilities,2024-09-08,jcfslhlvcbuinprmwqwvrpsbnflqv,cash,JPoiPBuSeHY7PPWoWAWs5hsxD2G3
1424,Education,2024-09-08,gbrmaxscigwv tfqpggra oelbodn,bkash,JPoiPBuSeHY7PPWoWAWs5hsxD2G3
1325,Shopping,2024-09-08,ujkcxvqsghhf hfzgb dxevd njdb,cash,JPoiPBuSeHY7PPWoWAWs5hsxD2G3
677,Shopping,2024-09-08,vlquvuabifwtikcuksg vdvmrcnsx,cash,JPoiPBuSeHY7PPWoWAWs5hsxD2G3
1544,Shopping,2024-09-09,ywhdf mubtktdckebhrmmgnlxfovq,cash,JPoiPBuSeHY7PPWoWAWs5hsxD2G3
191,Transportation,2024-09-09,phmagjblqkjvnfexq ripguhxgucj,cash,JPoiPBuSeHY7PPWoWAWs5hsxD2G3
528,Education,2024-09-10,xhypqrblkxecscytxazfelon swgo,bkash,JPoiPBuSeHY7PPWoWAWs5hsxD2G3
15,Transportation,2024-09-10,dgmjyqczgkhgsjcnelavlirslpvru,cash,JPoiPBuSeHY7PPWoWAWs5hsxD2G3
1877,Transportation,2024-09-10,aqhilunnecgqbp odxyqfrcohewsl,bkash,JPoiPBuSeHY7PPWoWAWs5hsxD2G3
1605,Education,2024-09-11,jxdasuljkmayogbtbvdnmwspzjlwk,cash,JPoiPBuSeHY7PPWoWAWs5hsxD2G3
595,Transportation,2024-09-11,oehvobtbcvqoehboeytmxmklxiuzd,bkash,JPoiPBuSeHY7PPWoWAWs5hsxD2G3
1546,Education,2024-09-11,jlpndfuduoqte vnnrtxnhupu xau,bkash,JPoiPBuSeHY7PPWoWAWs5hsxD2G3
291,Healthcare,2024-09-12,jelpdvnnlzvlqvhzmehecejvyebii,bkash,JPoiPBuSeHY7PPWoWAWs5hsxD2G3
1925,Healthcare,2024-09-12,wkrgoqvrggwoztcaxfa gdhkwdjtc,cash,JPoiPBuSeHY7PPWoWAWs5hsxD2G3
41,Other,2024-09-12,loryndruypf rxadpsscbcmlvsgjb,bkash,JPoiPBuSeHY7PPWoWAWs5hsxD2G3
276,Healthcare,2024-09-12,ngsofryelqlacb dxluym qeumcrn,bkash,JPoiPBuSeHY7PPWoWAWs5hsxD2G3
579,Other,2024-09-12,mikdsmyiyzltoqqujuvdacgcabep,cash,JPoiPBuSeHY7PPWoWAWs5hsxD2G3
183,Transportation,2024-09-13,xi qdhddqdptujtejnnunwuzqqhzg,bkash,JPoiPBuSeHY7PPWoWAWs5hsxD2G3
900,Education,2024-09-13,mlioqrje gqotxtufqzmenzjt pmi,cash,JPoiPBuSeHY7PPWoWAWs5hsxD2G3
1189,Transportation,2024-09-13,q vrdtphqyhwumknudvbzbewvdpnx,bkash,JPoiPBuSeHY7PPWoWAWs5hsxD2G3
1873,Utilities,2024-09-13,i u ybdryywcdxczymzcyktvchlqq,bkash,JPoiPBuSeHY7PPWoWAWs5hsxD2G3
1245,Transportation,2024-09-13,yteiydcowbbbivscurjjl dzlbsjk,bkash,JPoiPBuSeHY7PPWoWAWs5hsxD2G3
1862,Shopping,2024-09-14,duvdonnyedfiauhgduirsooiqzuau,cash,JPoiPBuSeHY7PPWoWAWs5hsxD2G3
515,Healthcare,2024-09-14,rtlp ak dsarynajamqqbdewqqqwg,cash,JPoiPBuSeHY7PPWoWAWs5hsxD2G3
715,Shopping,2024-09-14,os anh gjhjmomxu eozgtgahxvla,bkash,JPoiPBuSeHY7PPWoWAWs5hsxD2G3
1070,Other,2024-09-15,bu whr uuzvjcwqejxyfjgtgmpvia,bkash,JPoiPBuSeHY7PPWoWAWs5hsxD2G3
401,Food,2024-09-15,dorsnqloqncdliqjknvdvbklutbcy,cash,JPoiPBuSeHY7PPWoWAWs5hsxD2G3
325,Food,2024-09-15,awpmoccytgphzostclzyskkdfatot,bkash,JPoiPBuSeHY7PPWoWAWs5hsxD2G3
834,Healthcare,2024-09-16,elyfqjabdmqtdir zfxu wsakmdez,cash,JPoiPBuSeHY7PPWoWAWs5hsxD2G3
64,Healthcare,2024-09-16,hhnrnrdddjitlflwzfgxkxs mb ft,cash,JPoiPBuSeHY7PPWoWAWs5hsxD2G3
1301,Utilities,2024-09-16,hdzkvgexv uyzqawyhpcfdxouzgvs,bkash,JPoiPBuSeHY7PPWoWAWs5hsxD2G3
1744,Entertainment,2024-09-16,bnrlttcui opyqk shoxmvolkplxl,cash,JPoiPBuSeHY7PPWoWAWs5hsxD2G3
31,Utilities,2024-09-17,dwnvhbikgtjqtqbdfcdahasthasjv,cash,JPoiPBuSeHY7PPWoWAWs5hsxD2G3
678,Utilities,2024-09-17,ufzcktxtdfcnjbkjzfjlyr koxmpy,bkash,JPoiPBuSeHY7PPWoWAWs5hsxD2G3
973,Healthcare,2024-09-17,oswjt qnifacca mkdkimybhmosrc,cash,JPoiPBuSeHY7PPWoWAWs5hsxD2G3
104,Entertainment,2024-09-17,xijnvxorjogzmzkpf icviiohefpg,bkash,JPoiPBuSeHY7PPWoWAWs5hsxD2G3
646,Shopping,2024-09-17,uzeeszbqfuqvoeidz xjcvpypjtkm,bkash,JPoiPBuSeHY7PPWoWAWs5hsxD2G3
308,Entertainment,2024-09-18,debv kcyumm lxcufd xzzuthaisa,bkash,JPoiPBuSeHY7PPWoWAWs5hsxD2G3
1265,Food,2024-09-18,knigvhrhuzmoxtbbilsfgqiafwqfx,cash,JPoiPBuSeHY7PPWoWAWs5hsxD2G3
1114,Utilities,2024-09-19,jgcmohujlm bfdrrkqubkvhje qou,bkash,JPoiPBuSeHY7PPWoWAWs5hsxD2G3
10,Utilities,2024-09-19,yctrvdxtoehrzdu aqyynrfaafsjq,bkash,JPoiPBuSeHY7PPWoWAWs5hsxD2G3
1105,Education,2024-09-19,fkpmfgwxgmhqqkatetvugpcdjdob,bkash,JPoiPBuSeHY7PPWoWAWs5hsxD2G3
886,Education,2024-09-19,b elzaakx ocsgzevrafchdfkugyu,bkash,JPoiPBuSeHY7PPWoWAWs5hsxD2G3
1006,Shopping,2024-09-20,vjcm bwqhexbealchaqsgribnlmrz,bkash,JPoiPBuSeHY7PPWoWAWs5hsxD2G3
280,Education,2024-09-20,psrykjxapfdg qhxvfnwbgaofiyvv,cash,JPoiPBuSeHY7PPWoWAWs5hsxD2G3
1547,Education,2024-09-20,cos ksm kkpvngmozwhrsdjzlfwej,cash,JPoiPBuSeHY7PPWoWAWs5hsxD2G3
422,Entertainment,2024-09-20,hgvbh zgtretyimqnqgoppfnywxde,bkash,JPoiPBuSeHY7PPWoWAWs5hsxD2G3
721,Healthcare,2024-09-20,npnvmipagdsfgx csktrrphyjgvsw,bkash,JPoiPBuSeHY7PPWoWAWs5hsxD2G3
1248,Transportation,2024-09-21,rmomdchuwznrcpceqcicx qapknbx,bkash,JPoiPBuSeHY7PPWoWAWs5hsxD2G3
215,Food,2024-09-21,roedrwwriuuplqeiokycfxrmbmlkv,bkash,JPoiPBuSeHY7PPWoWAWs5hsxD2G3
143,Education,2024-09-21,wcipqu mlmejwiczapj nksnnkjal,cash,JPoiPBuSeHY7PPWoWAWs5hsxD2G3
1912,Healthcare,2024-09-21,daovuhdcnvehenkrwcjcwfkhhsw z,bkash,JPoiPBuSeHY7PPWoWAWs5hsxD2G3
10,Shopping,2024-09-21,h sbiuv sly ozjmgzb ybhrsdtbb,cash,JPoiPBuSeHY7PPWoWAWs5hsxD2G3
1541,Education,2024-09-22,ofzly updjgpgnmsgufyjtawhburz,cash,JPoiPBuSeHY7PPWoWAWs5hsxD2G3
13,Entertainment,2024-09-23,pptuywcqqtvfjyskivacwcvxktdot,bkash,JPoiPBuSeHY7PPWoWAWs5hsxD2G3
1598,Utilities,2024-09-23,escvlbu zfgajkcmxofteduvjtyzo,bkash,JPoiPBuSeHY7PPWoWAWs5hsxD2G3
980,Utilities,2024-09-23,nhbjtqkrupypbzcfnisjgtxwjlgyg,bkash,JPoiPBuSeHY7PPWoWAWs5hsxD2G3
1240,Entertainment,2024-09-23,dfpqpxjlojzmuvadba tfoerswfks,bkash,JPoiPBuSeHY7PPWoWAWs5hsxD2G3
1331,Food,2024-09-24,bdqnxdqzsuxqcyxvogyjdyzbzcycz,cash,JPoiPBuSeHY7PPWoWAWs5hsxD2G3
1372,Utilities,2024-09-24,yocdpoglgstqynbhvfbokectnpdag,bkash,JPoiPBuSeHY7PPWoWAWs5hsxD2G3
1258,Shopping,2024-09-25,nqpomz rvydqyujpeacg whajentm,bkash,JPoiPBuSeHY7PPWoWAWs5hsxD2G3
60,Healthcare,2024-09-25,dpoufhyxekanzubuey ppfwdlmvln,bkash,JPoiPBuSeHY7PPWoWAWs5hsxD2G3
506,Entertainment,2024-09-25,ynpddzlknm lnpinklnlukbwseypq,cash,JPoiPBuSeHY7PPWoWAWs5hsxD2G3
125,Healthcare,2024-09-25,wntmpqypwrfvnckihpiolqr xrfb,bkash,JPoiPBuSeHY7PPWoWAWs5hsxD2G3
447,Healthcare,2024-09-25,avxxt uvfrqmbubnbcpwgwdljuupc,cash,JPoiPBuSeHY7PPWoWAWs5hsxD2G3
24,Food,2024-09-26,vyzibrbqdpquvasiwyezbeoqhog g,cash,JPoiPBuSeHY7PPWoWAWs5hsxD2G3
1068,Healthcare,2024-09-26,csshxidvalqkiywdzlwnmpsvtmqly,bkash,JPoiPBuSeHY7PPWoWAWs5hsxD2G3
859,Utilities,2024-09-26,gbzgupdxzudebybnuzscujtvzfirf,cash,JPoiPBuSeHY7PPWoWAWs5hsxD2G3
1916,Transportation,2024-09-26,btdlougu edyblcwthxgovgobybmd,cash,JPoiPBuSeHY7PPWoWAWs5hsxD2G3
1478,Food,2024-09-26,vpiqwcsvvxdxrpihumzvoxilpwjfi,cash,JPoiPBuSeHY7PPWoWAWs5hsxD2G3
1272,Food,2024-09-27,rtnvmbvbzpksqpjvymkiprbtluofz,bkash,JPoiPBuSeHY7PPWoWAWs5hsxD2G3
35,Education,2024-09-27,gurtjfzuaxdwrwb  btpszrlgrfra,bkash,JPoiPBuSeHY7PPWoWAWs5hsxD2G3
54,Utilities,2024-09-27,tlwoyftjmqwxwwzrhqmryspdilyky,cash,JPoiPBuSeHY7PPWoWAWs5hsxD2G3
213,Entertainment,2024-09-27,lyhpwudnubrzwzbbxztrgjvmcioep,cash,JPoiPBuSeHY7PPWoWAWs5hsxD2G3
1791,Utilities,2024-09-27,hlkjzvszxavnpdwmflswqueigqzra,cash,JPoiPBuSeHY7PPWoWAWs5hsxD2G3
1968,Education,2024-09-28,uaogggdqqmyzijwpunatxsyusbylz,cash,JPoiPBuSeHY7PPWoWAWs5hsxD2G3
1089,Transportation,2024-09-29,clkylcoozlrsfdxmdnjquojsgrmqq,cash,JPoiPBuSeHY7PPWoWAWs5hsxD2G3
65,Education,2024-09-29,xjtdd ssgnrixqgtgueosbzecgqmu,cash,JPoiPBuSeHY7PPWoWAWs5hsxD2G3
966,Healthcare,2024-09-30,hg uopglqpotrlrwermjodnkfudtq,bkash,JPoiPBuSeHY7PPWoWAWs5hsxD2G3
586,Healthcare,2024-08-01,ehmbdxhvaemadkwmrowbrbjlmuvyv,bkash,JPoiPBuSeHY7PPWoWAWs5hsxD2G3
927,Utilities,2024-08-01,aot xklxzvptoaojvqiawyyqockuq,cash,JPoiPBuSeHY7PPWoWAWs5hsxD2G3
1665,Utilities,2024-08-02,fpqfp cjjthlxbxaacnkjqppopyib,bkash,JPoiPBuSeHY7PPWoWAWs5hsxD2G3
99,Transportation,2024-08-02,bgfatmimnnisvgtkzmxic idxcml,cash,JPoiPBuSeHY7PPWoWAWs5hsxD2G3
1206,Other,2024-08-02,nizofksmbgxsp ycropepaprpamfu,bkash,JPoiPBuSeHY7PPWoWAWs5hsxD2G3
136,Education,2024-08-03,hbsexyfuqghnuxyxkgtefyfavob,bkash,JPoiPBuSeHY7PPWoWAWs5hsxD2G3
1107,Shopping,2024-08-03,sicxklbhrsealcqifxbf ztbudb p,cash,JPoiPBuSeHY7PPWoWAWs5hsxD2G3
167,Other,2024-08-03,hdmrfsqskvpxrhabr lmpsdpdofpg,bkash,JPoiPBuSeHY7PPWoWAWs5hsxD2G3
329,Healthcare,2024-08-04,wzkidhdezscykbu ptwncsnyfujgf,bkash,JPoiPBuSeHY7PPWoWAWs5hsxD2G3
138,Food,2024-08-04,yiculyduazj dvporytqoo uciqyt,bkash,JPoiPBuSeHY7PPWoWAWs5hsxD2G3
1459,Education,2024-08-04,tafnpxmwbybpjxwimydpqhnisiwjl,bkash,JPoiPBuSeHY7PPWoWAWs5hsxD2G3
18,Other,2024-08-05,gsij g tjwfqsevyulgwaoetigfks,bkash,JPoiPBuSeHY7PPWoWAWs5hsxD2G3
794,Education,2024-08-05,ttdostrwnuvopxthcceilqvowhlbk,bkash,JPoiPBuSeHY7PPWoWAWs5hsxD2G3
20,Entertainment,2024-08-05,lbe cckmhucjqyhdyfs obp mkbpf,bkash,JPoiPBuSeHY7PPWoWAWs5hsxD2G3
10000,Rent,2024-08-06,kbfqgsfnywdywoksanwzjv gbauio,bkash,JPoiPBuSeHY7PPWoWAWs5hsxD2G3
1163,Transportation,2024-08-06,jyrmojmhjuaabdtyy yodzbrvuzmw,bkash,JPoiPBuSeHY7PPWoWAWs5hsxD2G3
17,Utilities,2024-08-06,nuqlrdsux lmwinbaiwg   uqrswy,cash,JPoiPBuSeHY7PPWoWAWs5hsxD2G3
824,Healthcare,2024-08-06,awycfjmgtkjtiatzvpw hehiiyszb,cash,JPoiPBuSeHY7PPWoWAWs5hsxD2G3
89,Entertainment,2024-08-06,rbxaaashapvfmzsyseydov iccork,cash,JPoiPBuSeHY7PPWoWAWs5hsxD2G3
872,Utilities,2024-08-07,pazqoedxxjyfgghemyrqtytofmwcu,cash,JPoiPBuSeHY7PPWoWAWs5hsxD2G3
777,Other,2024-08-07,tjomprmycfuyirekpiebssggfuasg,bkash,JPoiPBuSeHY7PPWoWAWs5hsxD2G3
525,Entertainment,2024-08-07,igxxwavoa  htsdqwrnvpjpohfbuh,bkash,JPoiPBuSeHY7PPWoWAWs5hsxD2G3
706,Education,2024-08-07,kztmugyodftlvzfwulupvxfyfbl m,cash,JPoiPBuSeHY7PPWoWAWs5hsxD2G3
1642,Utilities,2024-08-08,lsztlemxhiynsbccaajpnltfsx bn,bkash,JPoiPBuSeHY7PPWoWAWs5hsxD2G3
248,Utilities,2024-08-08,qvtnwzkesvgqwqtypo reznjiwppf,bkash,JPoiPBuSeHY7PPWoWAWs5hsxD2G3
105,Healthcare,2024-08-08,vkrknudan asjbpuixhrcfmpoeybe,cash,JPoiPBuSeHY7PPWoWAWs5hsxD2G3
1624,Healthcare,2024-08-09,cobanxuoxhvrmcrbnujlagheocbgq,cash,JPoiPBuSeHY7PPWoWAWs5hsxD2G3
60,Other,2024-08-10,hciomv bkhrypotfki emcnrlfb k,cash,JPoiPBuSeHY7PPWoWAWs5hsxD2G3
140,Shopping,2024-08-10,ekggel sbxsizmx wuxzpmernubkc,bkash,JPoiPBuSeHY7PPWoWAWs5hsxD2G3
1127,Utilities,2024-08-11,spqklzeqrzpsdttyfoysedjumxcf,cash,JPoiPBuSeHY7PPWoWAWs5hsxD2G3
73,Education,2024-08-11,vlkykpvpyxzcsdrxhaxixjd dsqry,cash,JPoiPBuSeHY7PPWoWAWs5hsxD2G3
1361,Utilities,2024-08-11,phybwrrwwjjazxhvor  cijqqogno,bkash,JPoiPBuSeHY7PPWoWAWs5hsxD2G3
1721,Education,2024-08-11,w kimpqznmfckiwgnnhgkgshckouk,cash,JPoiPBuSeHY7PPWoWAWs5hsxD2G3
148,Transportation,2024-08-11,tzzuke qpnkqoolxxvspxymzjhopp,bkash,JPoiPBuSeHY7PPWoWAWs5hsxD2G3
1511,Entertainment,2024-08-12,xlcifaxpbedgqxiduuxrwjybxxnve,cash,JPoiPBuSeHY7PPWoWAWs5hsxD2G3
63,Utilities,2024-08-12,ksvawgfylyqvplxburavawbynyums,cash,JPoiPBuSeHY7PPWoWAWs5hsxD2G3
326,Utilities,2024-08-12,eei buudbcttolscmuhnzvwhbazzh,cash,JPoiPBuSeHY7PPWoWAWs5hsxD2G3
881,Utilities,2024-08-13,pth gdyfqraugmbqjldzyroxtncmk,cash,JPoiPBuSeHY7PPWoWAWs5hsxD2G3
787,Other,2024-08-13,gdmzb ehtcefeuvdmaojr wcadgkf,bkash,JPoiPBuSeHY7PPWoWAWs5hsxD2G3
299,Utilities,2024-08-13,raogqqqdzrwvclsqwjxcwanyoiold,cash,JPoiPBuSeHY7PPWoWAWs5hsxD2G3
1522,Entertainment,2024-08-13,qqmopkeurerftuuhjxrfjjqudowip,cash,JPoiPBuSeHY7PPWoWAWs5hsxD2G3
1342,Utilities,2024-08-13,zgbjpthzfrwnodjurljmjzknalmkc,cash,JPoiPBuSeHY7PPWoWAWs5hsxD2G3
640,Food,2024-08-14,puzzfp ftwpfxbdjqwnfwmopxtjpn,cash,JPoiPBuSeHY7PPWoWAWs5hsxD2G3
284,Other,2024-08-14,obeirmjxovyfucqtnhvfkkplyruwa,bkash,JPoiPBuSeHY7PPWoWAWs5hsxD2G3
1335,Shopping,2024-08-14,bqxhihdbkwzchq xtfvplg epcgnq,bkash,JPoiPBuSeHY7PPWoWAWs5hsxD2G3
367,Utilities,2024-08-15,fduycaazyvi yzyvfifbxvasgbkfq,cash,JPoiPBuSeHY7PPWoWAWs5hsxD2G3
1613,Other,2024-08-15,muithxxhtloufheucuezanbi inux,cash,JPoiPBuSeHY7PPWoWAWs5hsxD2G3
114,Healthcare,2024-08-15,olvx jtlpxci hhxxeuj ptumqypb,cash,JPoiPBuSeHY7PPWoWAWs5hsxD2G3
807,Shopping,2024-08-15,aygoncojfnuzqrjkaysomsqzouwuc,bkash,JPoiPBuSeHY7PPWoWAWs5hsxD2G3
264,Shopping,2024-08-15,wmhnkjauzzmuq gqf jzbypwdtwbt,cash,JPoiPBuSeHY7PPWoWAWs5hsxD2G3
973,Healthcare,2024-08-16,vftqenapjffipaf qszgqwvdkrgfx,cash,JPoiPBuSeHY7PPWoWAWs5hsxD2G3
451,Utilities,2024-08-16,nxmljrtmbsuirpqqmsmyjcqukiytx,bkash,JPoiPBuSeHY7PPWoWAWs5hsxD2G3
672,Shopping,2024-08-16,uivxoaasxvugtxhmcshqwbsqmojwv,bkash,JPoiPBuSeHY7PPWoWAWs5hsxD2G3
52,Shopping,2024-08-16,x uddbla tc ptbjypjyfhhgxmmuq,cash,JPoiPBuSeHY7PPWoWAWs5hsxD2G3
104,Transportation,2024-08-16,ddhtmzxlpusnpvlyyjakshhfzscb,cash,JPoiPBuSeHY7PPWoWAWs5hsxD2G3
1043,Food,2024-08-17,jkosztjllooukxewlypqs buuktex,cash,JPoiPBuSeHY7PPWoWAWs5hsxD2G3
872,Healthcare,2024-08-18,mbmbzojevqynoabvwthcskcxlzhhr,cash,JPoiPBuSeHY7PPWoWAWs5hsxD2G3
1610,Education,2024-08-18,pabjyiftcyptprkjxxftzbjyqqodt,cash,JPoiPBuSeHY7PPWoWAWs5hsxD2G3
22,Transportation,2024-08-18,dgggbsizzmvqajnaiwngjyblwcivz,cash,JPoiPBuSeHY7PPWoWAWs5hsxD2G3
1406,Education,2024-08-18,usfuqqtnpgndvnlvz eexasvvhlkd,bkash,JPoiPBuSeHY7PPWoWAWs5hsxD2G3
1868,Healthcare,2024-08-18,hcupoeinubkzzvmgdfrojbqpkfcvu,cash,JPoiPBuSeHY7PPWoWAWs5hsxD2G3
745,Food,2024-08-19,dixpoacuoqiqhxfwyeklyhollcy,cash,JPoiPBuSeHY7PPWoWAWs5hsxD2G3
80,Transportation,2024-08-19,zomgftgavwdqsgcchdkjujkbr wmv,bkash,JPoiPBuSeHY7PPWoWAWs5hsxD2G3
207,Healthcare,2024-08-19,xyuetojlgemvcd cetjqoxgbfkruf,cash,JPoiPBuSeHY7PPWoWAWs5hsxD2G3
1957,Utilities,2024-08-19,aiut uktsnrbytk tebfhtohndbhk,cash,JPoiPBuSeHY7PPWoWAWs5hsxD2G3
88,Shopping,2024-08-20,mmpdtwfueqanwgqttqatrqttvyllo,bkash,JPoiPBuSeHY7PPWoWAWs5hsxD2G3
275,Food,2024-08-21,rndxdnju lcgaywpagzkdtsnvkjid,bkash,JPoiPBuSeHY7PPWoWAWs5hsxD2G3
18,Utilities,2024-08-21,czv eidooarclgdcvmqhzpcdcxrsu,bkash,JPoiPBuSeHY7PPWoWAWs5hsxD2G3
806,Healthcare,2024-08-21,ymvshsksifskciqefhqdndiadidry,bkash,JPoiPBuSeHY7PPWoWAWs5hsxD2G3
478,Food,2024-08-21,trh zbcs xbnjeaugufjnwks wqor,bkash,JPoiPBuSeHY7PPWoWAWs5hsxD2G3
1807,Transportation,2024-08-22,mpf swiepdtprutaqpfsfuimodkup,bkash,JPoiPBuSeHY7PPWoWAWs5hsxD2G3
220,Utilities,2024-08-22,x yasjuagcmiihqebnzxmudblrcml,bkash,JPoiPBuSeHY7PPWoWAWs5hsxD2G3
337,Utilities,2024-08-22,tauuthkrzmgoiynwmtltaqhwrqilf,cash,JPoiPBuSeHY7PPWoWAWs5hsxD2G3
1326,Transportation,2024-08-22,kbwsvsxvqc ycnynfmgmczmd vfts,bkash,JPoiPBuSeHY7PPWoWAWs5hsxD2G3
1376,Food,2024-08-22,kaacqegcemphfvwavkcjxingcvrgt,bkash,JPoiPBuSeHY7PPWoWAWs5hsxD2G3
1882,Transportation,2024-08-23,zewqwgsjtumdgmganymtlu kvcopa,cash,JPoiPBuSeHY7PPWoWAWs5hsxD2G3
699,Transportation,2024-08-24,qwosivsmwfyrkovezegnydljcjiaw,bkash,JPoiPBuSeHY7PPWoWAWs5hsxD2G3
80,Utilities,2024-08-24,plbveovgmennsksgfyzyhca iuxgv,cash,JPoiPBuSeHY7PPWoWAWs5hsxD2G3
64,Utilities,2024-08-24,akrxadsrwptyfeugbblyneuhoktwl,bkash,JPoiPBuSeHY7PPWoWAWs5hsxD2G3
600,Other,2024-08-25,skkrz dgsgv siuchczdyjmnvhtpp,bkash,JPoiPBuSeHY7PPWoWAWs5hsxD2G3
1508,Other,2024-08-25,tfjqmpsjfhxeyoqdyzxldkcmwnwrt,bkash,JPoiPBuSeHY7PPWoWAWs5hsxD2G3
14,Other,2024-08-25,epyavdnxyjttidjgkcvoqcvvopnsx,bkash,JPoiPBuSeHY7PPWoWAWs5hsxD2G3
45,Healthcare,2024-08-26,zmhkq urwpkcmxmxscbacdjrvg gw,cash,JPoiPBuSeHY7PPWoWAWs5hsxD2G3
556,Food,2024-08-26,wfxwcypveftbzvyazv gbdvbecbdf,bkash,JPoiPBuSeHY7PPWoWAWs5hsxD2G3
70,Food,2024-08-27,nsjuqga ybujgpoegwyush d qqgd,bkash,JPoiPBuSeHY7PPWoWAWs5hsxD2G3
952,Transportation,2024-08-27,govmdhynxhhpgtpgnalqvbzbq df,cash,JPoiPBuSeHY7PPWoWAWs5hsxD2G3
290,Healthcare,2024-08-27,xhqikwhrszbnlstqsywnbofxweqos,cash,JPoiPBuSeHY7PPWoWAWs5hsxD2G3
439,Healthcare,2024-08-27,xpulrkgoqxeehbhspluqnwocojcvs,cash,JPoiPBuSeHY7PPWoWAWs5hsxD2G3
1023,Utilities,2024-08-27,tzob bxfvsddmrsfdrehdka eurru,bkash,JPoiPBuSeHY7PPWoWAWs5hsxD2G3
1548,Shopping,2024-08-28,txgbobvrqnpt wcolycyrkfyycvlz,cash,JPoiPBuSeHY7PPWoWAWs5hsxD2G3
802,Utilities,2024-08-28,hwkdyjejxwfpahpgvaehowdt mfun,cash,JPoiPBuSeHY7PPWoWAWs5hsxD2G3
16,Entertainment,2024-08-28,eddawpxywbqjukqtwnxemgpjtkcip,cash,JPoiPBuSeHY7PPWoWAWs5hsxD2G3
1143,Utilities,2024-08-28,wveaznopomycztwkntcisvzmhloqm,cash,JPoiPBuSeHY7PPWoWAWs5hsxD2G3
1067,Shopping,2024-08-28,buzexcwaqfwekltmpezecawnijebi,cash,JPoiPBuSeHY7PPWoWAWs5hsxD2G3
1909,Utilities,2024-08-29,lppwhnotlowufiiezeahlevzixq m,cash,JPoiPBuSeHY7PPWoWAWs5hsxD2G3
93,Shopping,2024-08-29,jqqbxjgbdgeclnfryyjedwplzscau,cash,JPoiPBuSeHY7PPWoWAWs5hsxD2G3
10,Education,2024-08-30,rjcuwyiczpyhmgyo xfirwceyknmx,bkash,JPoiPBuSeHY7PPWoWAWs5hsxD2G3
1310,Healthcare,2024-08-30,rwjywlyqosztwtdpsuetgaonsjnre,bkash,JPoiPBuSeHY7PPWoWAWs5hsxD2G3
498,Healthcare,2024-08-30,gcqhtbmmislpjmciipumfbclylpq,bkash,JPoiPBuSeHY7PPWoWAWs5hsxD2G3
616,Education,2024-08-30,aapsonxvkdjgtmtzpkvhnqjiesrz,bkash,JPoiPBuSeHY7PPWoWAWs5hsxD2G3
34,Food,2024-08-30,hfrnzxxnygnjuohmlvfpx dlreedc,cash,JPoiPBuSeHY7PPWoWAWs5hsxD2G3
130,Healthcare,2024-08-31,ihghwkiccy dxqxmzdrgmubqbpbtd,bkash,JPoiPBuSeHY7PPWoWAWs5hsxD2G3
344,Entertainment,2024-08-31,velavejzutjjykwlthrgflihev wc,bkash,JPoiPBuSeHY7PPWoWAWs5hsxD2G3
144,Education,2024-08-31,whx fwnsazoatilzxwniunjgxngrz,cash,JPoiPBuSeHY7PPWoWAWs5hsxD2G3
1213,Education,2024-08-31,pemvlwhbabevvrcozefnqbddduseg,cash,JPoiPBuSeHY7PPWoWAWs5hsxD2G3
1191,Education,2024-07-01,kkrqzdofk bkmqiikjfooizehhmqf,bkash,JPoiPBuSeHY7PPWoWAWs5hsxD2G3
1154,Shopping,2024-07-01,fxevactkavwjzr nwmzxempiiascz,bkash,JPoiPBuSeHY7PPWoWAWs5hsxD2G3
69,Entertainment,2024-07-01,wzsaxytjfdplswr ibbaoqdhfxttd,bkash,JPoiPBuSeHY7PPWoWAWs5hsxD2G3
192,Entertainment,2024-07-01,qltamxrvzaxepagoxtlgow kf cxn,bkash,JPoiPBuSeHY7PPWoWAWs5hsxD2G3
26,Shopping,2024-07-01,acldmfovazbvbwqhsewxxdhskjpzc,cash,JPoiPBuSeHY7PPWoWAWs5hsxD2G3
562,Transportation,2024-07-02,fh fecew szxbamsiufflembfvfad,bkash,JPoiPBuSeHY7PPWoWAWs5hsxD2G3
321,Transportation,2024-07-02,tuadppsiiildmvjmoowkuqvuzgzme,cash,JPoiPBuSeHY7PPWoWAWs5hsxD2G3
896,Other,2024-07-02,bwmjmkrh muknem eshnojnitgozs,bkash,JPoiPBuSeHY7PPWoWAWs5hsxD2G3
1573,Transportation,2024-07-02,mizturgvpreeyvosgdqoti zj nlj,bkash,JPoiPBuSeHY7PPWoWAWs5hsxD2G3
795,Food,2024-07-02,bnznlarjlgkdfdzhlhwplpnqrglfn,cash,JPoiPBuSeHY7PPWoWAWs5hsxD2G3
156,Transportation,2024-07-03,ruitprofvqhleh csqnzhjhnejagx,bkash,JPoiPBuSeHY7PPWoWAWs5hsxD2G3
1169,Other,2024-07-03,nmdihh zq snpuziqwvmkfsiraf a,cash,JPoiPBuSeHY7PPWoWAWs5hsxD2G3
55,Other,2024-07-03,esjodbzgceeupxwnrfkfap aozaka,bkash,JPoiPBuSeHY7PPWoWAWs5hsxD2G3
632,Food,2024-07-04,olas oxyanpo wa pxdmmpdhmprkj,cash,JPoiPBuSeHY7PPWoWAWs5hsxD2G3
258,Education,2024-07-04,wxkzwdftfyqxmcjewkxbvkgvivcyn,bkash,JPoiPBuSeHY7PPWoWAWs5hsxD2G3
10000,Rent,2024-07-05,loydpy gswrvhehmqiqgrjimaqsgl,cash,JPoiPBuSeHY7PPWoWAWs5hsxD2G3
415,Entertainment,2024-07-06,kmvqqecnfvikspgmfriqkkncgednh,cash,JPoiPBuSeHY7PPWoWAWs5hsxD2G3
229,Entertainment,2024-07-06,peflwkm bhaxjlvcnszkeyvahuiip,cash,JPoiPBuSeHY7PPWoWAWs5hsxD2G3
1822,Education,2024-07-06,gc ecdusrzei omgjixxbjjemencm,cash,JPoiPBuSeHY7PPWoWAWs5hsxD2G3
942,Shopping,2024-07-07,rgodpbbigrpvkoqjnqmzmjkqihqtf,bkash,JPoiPBuSeHY7PPWoWAWs5hsxD2G3
64,Shopping,2024-07-07,srrsbonmbriatkurnzjzwfubiaija,cash,JPoiPBuSeHY7PPWoWAWs5hsxD2G3
1089,Other,2024-07-08,klalgnpgdgmygcfdvhpzscwwjpqei,cash,JPoiPBuSeHY7PPWoWAWs5hsxD2G3
1520,Other,2024-07-08,mzalhuoeigpcodhehybeyplgtedzw,bkash,JPoiPBuSeHY7PPWoWAWs5hsxD2G3
568,Shopping,2024-07-08,jbelwqlefthbwk  ysdubmkxjsohc,bkash,JPoiPBuSeHY7PPWoWAWs5hsxD2G3
179,Other,2024-07-08,lvoptuasivhbgmvhfnogodtdkxlyr,cash,JPoiPBuSeHY7PPWoWAWs5hsxD2G3
153,Food,2024-07-08,zrmajveujcajbwlwwanh vmgcghjk,bkash,JPoiPBuSeHY7PPWoWAWs5hsxD2G3
226,Entertainment,2024-07-09,neszhn yvzhlpdtefjljlpahdmxec,bkash,JPoiPBuSeHY7PPWoWAWs5hsxD2G3
754,Other,2024-07-09,ugdswlx amvgxtifovfsmfcqajwyy,bkash,JPoiPBuSeHY7PPWoWAWs5hsxD2G3
194,Food,2024-07-09,jlbkzvkgogduavtwishjzvbzpyxdi,bkash,JPoiPBuSeHY7PPWoWAWs5hsxD2G3
1810,Transportation,2024-07-09,rcuzwefrocgwvrh gggtdniyuqnll,bkash,JPoiPBuSeHY7PPWoWAWs5hsxD2G3
512,Food,2024-07-09,twewfobeqowuwajfzemdaegbwzucn,cash,JPoiPBuSeHY7PPWoWAWs5hsxD2G3
761,Shopping,2024-07-10,zqjqssghtkucckwjyljwma wyqsde,cash,JPoiPBuSeHY7PPWoWAWs5hsxD2G3
521,Shopping,2024-07-11,trtwgxjohehclcbsgkeclawwdmqpm,cash,JPoiPBuSeHY7PPWoWAWs5hsxD2G3
107,Shopping,2024-07-11,jszhitzkkewbcrfjkswzllfbuvx z,bkash,JPoiPBuSeHY7PPWoWAWs5hsxD2G3
1340,Food,2024-07-11,yahrmgplqvswmlscgbkpyw owxsrj,cash,JPoiPBuSeHY7PPWoWAWs5hsxD2G3
1031,Shopping,2024-07-12,yswieobqrtxadsiivxjihkgjtidxr,cash,JPoiPBuSeHY7PPWoWAWs5hsxD2G3
619,Utilities,2024-07-12,dvzuiaibsnzkpiluvlzivjlixvgq,bkash,JPoiPBuSeHY7PPWoWAWs5hsxD2G3
102,Food,2024-07-13,oschlbyrlmkxekuuoayuapsjtsglh,cash,JPoiPBuSeHY7PPWoWAWs5hsxD2G3
882,Other,2024-07-13,cwgaszteritxmjjwmbdxrcvdiurlc,bkash,JPoiPBuSeHY7PPWoWAWs5hsxD2G3
236,Utilities,2024-07-13,byffzpqflwdfdrhnhrkipjyisisbj,bkash,JPoiPBuSeHY7PPWoWAWs5hsxD2G3
1206,Other,2024-07-14,ggmdbemewmtf kqogsnndyhxjedzq,bkash,JPoiPBuSeHY7PPWoWAWs5hsxD2G3
1223,Food,2024-07-14,fibmkr ltviahaghvznhjgceblnvs,bkash,JPoiPBuSeHY7PPWoWAWs5hsxD2G3
66,Other,2024-07-14,jbampzdpzoxtvdha yirzglmaxqaw,bkash,JPoiPBuSeHY7PPWoWAWs5hsxD2G3
41,Utilities,2024-07-14,miyoko wghzrbwprg jacdatodpag,cash,JPoiPBuSeHY7PPWoWAWs5hsxD2G3
39,Shopping,2024-07-14,fuv svpehimoco kmiatqjznllxty,bkash,JPoiPBuSeHY7PPWoWAWs5hsxD2G3
356,Education,2024-07-15,hysyqrbpvrapasjgdnlb q fmtaqh,bkash,JPoiPBuSeHY7PPWoWAWs5hsxD2G3
905,Transportation,2024-07-16,torlhzzynduof  qacfnu vxrbaem,cash,JPoiPBuSeHY7PPWoWAWs5hsxD2G3
1073,Food,2024-07-16,ednercxrwtejdbodyfwanh fmuuls,bkash,JPoiPBuSeHY7PPWoWAWs5hsxD2G3
239,Other,2024-07-16,zfsdsxhxjmiuailrlgdyyrmfjwp w,bkash,JPoiPBuSeHY7PPWoWAWs5hsxD2G3
1495,Education,2024-07-16,vzyk knarlnmuujpxddsnmqmaemvr,bkash,JPoiPBuSeHY7PPWoWAWs5hsxD2G3
93,Healthcare,2024-07-16,tlgy  ljt tpzubjpqfukc nncizg,bkash,JPoiPBuSeHY7PPWoWAWs5hsxD2G3
395,Food,2024-07-17,lahujuvwbfmyfcne qeswblmtubiq,bkash,JPoiPBuSeHY7PPWoWAWs5hsxD2G3
67,Healthcare,2024-07-17,gtgmwacagecmbbqzcdtwtaam ltac,bkash,JPoiPBuSeHY7PPWoWAWs5hsxD2G3
382,Utilities,2024-07-18,fsi bppyqiagthphhncrdkczyswag,bkash,JPoiPBuSeHY7PPWoWAWs5hsxD2G3
41,Entertainment,2024-07-19,quwyaqchulhwuwbbfpxc qdiimjus,bkash,JPoiPBuSeHY7PPWoWAWs5hsxD2G3
1513,Utilities,2024-07-19,azeyhrmvlkszxzqlzdgaphpkkfvde,cash,JPoiPBuSeHY7PPWoWAWs5hsxD2G3
626,Education,2024-07-19,pmniyxnymefvaksafhqextjdbcryk,cash,JPoiPBuSeHY7PPWoWAWs5hsxD2G3
1720,Other,2024-07-20,dkslfyfedlbzmopfgmxb wdpqwtzs,bkash,JPoiPBuSeHY7PPWoWAWs5hsxD2G3
200,Other,2024-07-20,xrdyndaw pizpdwopgeyzsgfsxhjm,bkash,JPoiPBuSeHY7PPWoWAWs5hsxD2G3
173,Food,2024-07-20,wzjr rjxiwcheqnfxahrhnyam cqm,cash,JPoiPBuSeHY7PPWoWAWs5hsxD2G3
19,Transportation,2024-07-21,bquotvlnxwe ofxpwcyhywgcajrc,bkash,JPoiPBuSeHY7PPWoWAWs5hsxD2G3
613,Healthcare,2024-07-22,plfmmiqqsarjc sbsktljcolepiiu,cash,JPoiPBuSeHY7PPWoWAWs5hsxD2G3
642,Entertainment,2024-07-22,vtaeassdhlrhqurwufkiagapwnwz,cash,JPoiPBuSeHY7PPWoWAWs5hsxD2G3
1236,Other,2024-07-22,gcewgedbfa jwbcikdclpyfmlwhpj,cash,JPoiPBuSeHY7PPWoWAWs5hsxD2G3
104,Utilities,2024-07-23,uq k hqnestdpo iufwqyouyvnqt,bkash,JPoiPBuSeHY7PPWoWAWs5hsxD2G3
956,Shopping,2024-07-24,xczlqexfteoooglp bexhxfgangmi,bkash,JPoiPBuSeHY7PPWoWAWs5hsxD2G3
932,Transportation,2024-07-24,sizhmhhueiuxrscucddi vhmsyjrv,cash,JPoiPBuSeHY7PPWoWAWs5hsxD2G3
1238,Food,2024-07-24,inifrswghzm mhlymjhkehzaymtsz,cash,JPoiPBuSeHY7PPWoWAWs5hsxD2G3
109,Transportation,2024-07-24,hkdgheiihvjn xyapfbeoxtzcwggl,bkash,JPoiPBuSeHY7PPWoWAWs5hsxD2G3
1121,Entertainment,2024-07-24,lpvvmznosjbypmewpefkdf y ydg,cash,JPoiPBuSeHY7PPWoWAWs5hsxD2G3
1057,Entertainment,2024-07-25,ppirrknbfavocpxzeybgpvlyvwpcx,bkash,JPoiPBuSeHY7PPWoWAWs5hsxD2G3
367,Transportation,2024-07-25,teqzsazgxvtxdofcwobfcmderdzio,bkash,JPoiPBuSeHY7PPWoWAWs5hsxD2G3
1222,Utilities,2024-07-25,zkaynavkddujcbpjmzlxszbm etzl,bkash,JPoiPBuSeHY7PPWoWAWs5hsxD2G3
356,Healthcare,2024-07-25,jhajnqqqtpiynkcpqejoobxpkpa l,bkash,JPoiPBuSeHY7PPWoWAWs5hsxD2G3
1176,Education,2024-07-26,rtsmwnxovwscrfwdxoztisbyncxla,bkash,JPoiPBuSeHY7PPWoWAWs5hsxD2G3
700,Entertainment,2024-07-26,sunkuybupdstqhjbtgbekoqwlmhue,cash,JPoiPBuSeHY7PPWoWAWs5hsxD2G3
1840,Food,2024-07-26,lr arxb csrgrunzodzrurxlldsgt,bkash,JPoiPBuSeHY7PPWoWAWs5hsxD2G3
1322,Other,2024-07-27,lipm l rwrpheqamjyvmpxxfxlsjh,cash,JPoiPBuSeHY7PPWoWAWs5hsxD2G3
34,Utilities,2024-07-27,ckdxnxpelcnfjcoqlldgpyuqasgaj,cash,JPoiPBuSeHY7PPWoWAWs5hsxD2G3
10,Shopping,2024-07-27,ebmcbynyilelhnsgow u vmgsdbnc,cash,JPoiPBuSeHY7PPWoWAWs5hsxD2G3
100,Other,2024-07-28,gih wdaumzbpam xevkmuqmlqnauk,bkash,JPoiPBuSeHY7PPWoWAWs5hsxD2G3
140,Transportation,2024-07-28,fsxizhyrgztzqn czxunierwzzdfa,bkash,JPoiPBuSeHY7PPWoWAWs5hsxD2G3
552,Other,2024-07-28,fzxxplxdrnjolkaaehfycrkdemzuy,bkash,JPoiPBuSeHY7PPWoWAWs5hsxD2G3
892,Healthcare,2024-07-29,jfeicekuivcagcyhluwo  beqntj,bkash,JPoiPBuSeHY7PPWoWAWs5hsxD2G3
93,Healthcare,2024-07-29,dmlyjimuzneicphlvyxthgqlldmku,bkash,JPoiPBuSeHY7PPWoWAWs5hsxD2G3
736,Shopping,2024-07-29,pbqhzvilvtjrypqjnhbvlniklcdaz,cash,JPoiPBuSeHY7PPWoWAWs5hsxD2G3
1903,Entertainment,2024-07-29,pc nhqhahqqvp yhkfaauwpzxwfxc,cash,JPoiPBuSeHY7PPWoWAWs5hsxD2G3
542,Entertainment,2024-07-30,n ehkpgao otesxyvmkcvaiqpgdzd,cash,JPoiPBuSeHY7PPWoWAWs5hsxD2G3
850,Other,2024-07-30,hkdlkocxlmahn ujqgpepoqdodqkn,cash,JPoiPBuSeHY7PPWoWAWs5hsxD2G3
314,Healthcare,2024-07-30,czhejylygpscwvsyhobhzvugkpyus,bkash,JPoiPBuSeHY7PPWoWAWs5hsxD2G3
1248,Healthcare,2024-07-30,ypvmnctsuer ukmfxgjuinraigqfr,bkash,JPoiPBuSeHY7PPWoWAWs5hsxD2G3
67,Healthcare,2024-07-30,qoayixonvblb mttoqyq dnxoxxrj,bkash,JPoiPBuSeHY7PPWoWAWs5hsxD2G3
699,Healthcare,2024-07-31,viayxourrociqpbwioansnwjacoga,bkash,JPoiPBuSeHY7PPWoWAWs5hsxD2G3
1920,Food,2024-07-31,aogkgnpavkd sgoduvqsdshnbadvp,bkash,JPoiPBuSeHY7PPWoWAWs5hsxD2G3
86,Other,2024-07-31,rtvxauwzbigfdhtwaeezbfbvbt jb,bkash,JPoiPBuSeHY7PPWoWAWs5hsxD2G3